"pres","coords.x1","coords.x2"
1,151.92559,-24.24875
1,151.91521,-24.22063
1,147.69592,-35.37029
1,147.69889,-35.35904
1,147.70451,-35.37861
1,147.70689,-35.36651
1,152.88025,-27.38736
1,152.87758,-27.38566
1,152.87546,-27.39215
1,152.87145,-27.38869
0,151.86668,-30.05543
0,151.78556,-30.09105
0,151.77331,-30.09164
0,151.77536,-30.08033
0,141.6759,-36.45367
0,141.67293,-36.45681
0,141.66566,-36.45428
0,141.66963,-36.4564
